3.602407127618789673e-02,2.661148309707641602e-01,1.077967211604118347e-01,9.180610626935958862e-02,2.984064817428588867e-01,1.096650213003158569e-01,5.249660462141036987e-02,2.261148393154144287e-02,4.346419125795364380e-02,6.083169579505920410e-02,1.750407740473747253e-02
1.138601079583168030e-02,2.779881060123443604e-01,9.994845092296600342e-02,7.989971339702606201e-02,2.555693686008453369e-01,1.414407193660736084e-01,-5.560159683227539062e-03,4.674964770674705505e-02,1.105903834104537964e-02,4.578484222292900085e-02,1.268388703465461731e-02
6.214941665530204773e-02,2.845096588134765625e-01,5.409488081932067871e-02,8.280494809150695801e-02,2.631911933422088623e-01,6.986592710018157959e-02,8.257307112216949463e-03,-2.957552298903465271e-02,-9.176567196846008301e-03,-1.466728746891021729e-02,2.324528992176055908e-02
-1.777660101652145386e-03,3.037166893482208252e-01,9.779693186283111572e-02,7.263439893722534180e-02,2.335823476314544678e-01,1.363414824008941650e-01,1.433359459042549133e-02,2.278784662485122681e-02,5.527037009596824646e-02,7.609173655509948730e-02,2.637875080108642578e-02
3.315605223178863525e-02,2.655245363712310791e-01,8.184127509593963623e-02,8.374768495559692383e-02,2.701985538005828857e-01,1.247513815760612488e-01,3.803841769695281982e-03,7.361225783824920654e-03,3.158050030469894409e-02,4.870013892650604248e-02,1.923887431621551514e-02
2.816479653120040894e-03,2.797069251537322998e-01,6.475530564785003662e-02,8.305341750383377075e-02,2.753908932209014893e-01,1.477817595005035400e-01,-9.864546358585357666e-03,5.690958723425865173e-02,5.903901159763336182e-02,6.994380056858062744e-02,2.439602464437484741e-02
3.038776479661464691e-02,2.633559703826904297e-01,7.127376645803451538e-02,7.096300274133682251e-02,2.690292596817016602e-01,1.044808402657508850e-01,-7.114782929420471191e-03,3.787399455904960632e-02,3.774718567728996277e-02,5.609814077615737915e-02,1.630144938826560974e-02
5.426415055990219116e-02,2.357053160667419434e-01,5.929134786128997803e-02,7.804869115352630615e-02,2.647726237773895264e-01,1.105759888887405396e-01,4.215988889336585999e-02,-6.859462708234786987e-03,-5.594432353973388672e-03,5.262672901153564453e-02,2.777814120054244995e-02
2.443505637347698212e-02,2.923285365104675293e-01,4.992406442761421204e-02,6.432116031646728516e-02,2.542880177497863770e-01,1.191417649388313293e-01,3.115047328174114227e-02,7.261227816343307495e-03,1.248111203312873840e-02,3.281525894999504089e-02,6.611797958612442017e-03
7.272914052009582520e-02,2.561527490615844727e-01,7.841449975967407227e-02,3.931729122996330261e-03,2.758014798164367676e-01,1.853568553924560547e-01,5.362085998058319092e-03,4.689357802271842957e-02,-1.708570495247840881e-02,2.158424071967601776e-02,3.799120336771011353e-02
4.663658514618873596e-02,2.739828824996948242e-01,1.033048853278160095e-01,9.014444053173065186e-02,2.452627122402191162e-01,1.769413053989410400e-01,-1.428768038749694824e-03,4.650492593646049500e-02,3.521913290023803711e-02,2.770217321813106537e-02,3.208044916391372681e-02
-1.857835799455642700e-02,2.763700485229492188e-01,7.750359922647476196e-02,3.565841913223266602e-02,2.493152320384979248e-01,1.981706023216247559e-01,6.041437387466430664e-03,-3.071978688240051270e-03,1.365043967962265015e-02,9.247489273548126221e-02,4.674174636602401733e-02
1.636055298149585724e-02,1.992978751659393311e-01,4.473404958844184875e-02,1.339284889400005341e-02,2.475460767745971680e-01,1.783441007137298584e-01,3.691466897726058960e-02,-1.223727315664291382e-02,1.007550135254859924e-01,4.002144932746887207e-02,3.021755069494247437e-02
4.655814170837402344e-02,2.985044419765472412e-01,1.100242286920547485e-01,1.347798407077789307e-01,2.694979310035705566e-01,4.455839097499847412e-02,-1.695415005087852478e-03,-1.764949411153793335e-03,4.036967083811759949e-02,-8.197527378797531128e-03,-1.071168482303619385e-02
7.862889766693115234e-02,2.621356844902038574e-01,6.008636578917503357e-02,4.055291414260864258e-02,2.371480464935302734e-01,1.591857969760894775e-01,4.175238311290740967e-02,-5.480264872312545776e-02,1.733538694679737091e-02,7.209575921297073364e-02,2.129301428794860840e-02
1.948816515505313873e-02,2.536515891551971436e-01,1.021324843168258667e-01,1.055025383830070496e-01,2.513835430145263672e-01,1.327569484710693359e-01,3.373673558235168457e-02,6.426308304071426392e-03,5.855829268693923950e-02,5.017298087477684021e-02,3.202971071004867554e-02
5.792755633592605591e-03,3.036241531372070312e-01,9.135613590478897095e-02,2.435737103223800659e-02,2.600071132183074951e-01,1.770644783973693848e-01,3.137961030006408691e-04,8.172243833541870117e-02,3.367161005735397339e-02,6.434720754623413086e-02,1.222191751003265381e-02
1.035324111580848694e-02,2.931316196918487549e-01,9.545355290174484253e-02,4.975293949246406555e-02,2.575769722461700439e-01,1.034123897552490234e-01,5.123209208250045776e-02,2.669731155037879944e-02,3.623218089342117310e-02,3.512356430292129517e-02,1.187607645988464355e-02
1.557062752544879913e-02,2.303860187530517578e-01,9.370610117912292480e-02,1.103608459234237671e-01,2.881018817424774170e-01,1.073165386915206909e-01,2.698450163006782532e-02,-1.297783479094505310e-02,6.789343059062957764e-02,4.932714998722076416e-02,-7.245387881994247437e-03
7.393993437290191650e-02,2.624425292015075684e-01,8.944052457809448242e-02,3.239539265632629395e-02,2.291941642761230469e-01,2.117556929588317871e-01,5.091972649097442627e-02,9.371720254421234131e-03,6.390347331762313843e-02,3.355640918016433716e-03,3.887786716222763062e-02
5.338529497385025024e-02,2.718715071678161621e-01,8.810712397098541260e-02,9.945621341466903687e-02,2.903714776039123535e-01,1.136057451367378235e-01,5.945822224020957947e-03,9.093482047319412231e-03,3.842651471495628357e-02,3.299004584550857544e-02,2.895989269018173218e-02
8.698381483554840088e-03,2.629940509796142578e-01,4.056407511234283447e-02,5.243728309869766235e-02,2.484032809734344482e-01,1.777853667736053467e-01,1.869320869445800781e-02,6.236989051103591919e-03,1.141259446740150452e-02,4.846806451678276062e-02,2.370515465736389160e-02
4.128388687968254089e-02,2.534734308719635010e-01,6.929697096347808838e-02,9.025653451681137085e-02,2.291252911090850830e-01,1.206957697868347168e-01,3.535552322864532471e-02,7.895831018686294556e-03,7.170806080102920532e-02,3.145224601030349731e-02,1.090569794178009033e-02
3.123484551906585693e-02,3.042685091495513916e-01,1.132995560765266418e-01,7.467405498027801514e-02,2.854964137077331543e-01,1.338558346033096313e-01,4.066453874111175537e-02,1.038453727960586548e-02,3.710456937551498413e-02,1.929004304111003876e-02,4.026880860328674316e-02
3.995476290583610535e-02,2.331597506999969482e-01,6.344170123338699341e-02,6.959466636180877686e-02,2.644502520561218262e-01,1.330693811178207397e-01,4.310225322842597961e-02,1.518409326672554016e-02,5.159230157732963562e-02,1.709300465881824493e-02,1.161677762866020203e-02
3.785853087902069092e-02,2.399030029773712158e-01,8.275312185287475586e-02,-2.035787329077720642e-03,2.534243464469909668e-01,1.466895937919616699e-01,2.642037160694599152e-02,-2.030274830758571625e-02,5.205936729907989502e-03,5.757588520646095276e-02,4.763455688953399658e-02
1.558907330036163330e-03,2.583233118057250977e-01,1.332742869853973389e-01,4.609976708889007568e-02,2.638103961944580078e-01,1.466693580150604248e-01,3.680066019296646118e-02,8.870340883731842041e-03,6.270580738782882690e-02,7.065741717815399170e-02,2.509211003780364990e-02
3.062306717038154602e-02,2.528983354568481445e-01,1.243968978524208069e-01,1.177925765514373779e-01,2.538724243640899658e-01,5.725535750389099121e-02,-3.792338073253631592e-03,-5.216259509325027466e-03,6.172749400138854980e-02,-2.767970040440559387e-02,-3.038005717098712921e-02
3.705786913633346558e-02,3.125683069229125977e-01,8.125121146440505981e-02,1.152063533663749695e-01,2.808477282524108887e-01,1.057130992412567139e-01,2.847045660018920898e-02,1.810386776924133301e-03,6.254892051219940186e-02,3.895023465156555176e-02,-2.342284470796585083e-02
-1.658146828413009644e-02,2.799811065196990967e-01,1.053175926208496094e-01,6.865808367729187012e-02,2.468800842761993408e-01,1.171501278877258301e-01,4.296062141656875610e-02,3.341386839747428894e-02,9.773969650268554688e-02,5.473047494888305664e-02,1.364076510071754456e-02
4.516686499118804932e-02,2.477806806564331055e-01,4.048659652471542358e-02,9.921170771121978760e-02,2.676098346710205078e-01,1.298730522394180298e-01,8.033469319343566895e-02,1.049397885799407959e-02,9.693227708339691162e-03,-1.168315485119819641e-02,4.989459365606307983e-02
2.460665255784988403e-02,2.430476248264312744e-01,5.492279678583145142e-02,6.162151694297790527e-02,2.842702865600585938e-01,1.410806030035018921e-01,2.058193087577819824e-02,7.005590945482254028e-03,4.723112657666206360e-02,3.873379155993461609e-02,2.078442275524139404e-02
3.132014349102973938e-02,2.461353242397308350e-01,7.631691545248031616e-02,6.213622540235519409e-02,2.506542205810546875e-01,1.381393671035766602e-01,5.713410675525665283e-02,1.367047429084777832e-03,3.432627767324447632e-02,8.629052340984344482e-02,4.401082545518875122e-02
1.872251369059085846e-02,2.284777164459228516e-01,8.264275640249252319e-02,5.570298433303833008e-02,2.256537675857543945e-01,1.898868680000305176e-01,5.253072828054428101e-02,8.164837956428527832e-02,8.751457929611206055e-02,4.393044114112854004e-02,-3.444649279117584229e-02
1.376836188137531281e-02,2.877305746078491211e-01,7.256373763084411621e-02,1.117291897535324097e-01,2.553143501281738281e-01,1.170841008424758911e-01,2.555014751851558685e-02,-1.214895769953727722e-02,7.137892395257949829e-02,4.583118110895156860e-02,3.538090735673904419e-02
1.501410081982612610e-02,2.738747298717498779e-01,7.016844302415847778e-02,9.357079863548278809e-02,2.332520484924316406e-01,1.383279561996459961e-01,4.844770580530166626e-02,-1.444094628095626831e-02,2.820312418043613434e-02,4.137296229600906372e-02,-1.340530812740325928e-03
1.758131198585033417e-02,2.671881318092346191e-01,8.523590117692947388e-02,1.130635589361190796e-01,2.698390781879425049e-01,8.771037310361862183e-02,4.809121042490005493e-02,1.008120551705360413e-02,6.768565624952316284e-02,4.110750183463096619e-02,1.127019152045249939e-02
3.060649707913398743e-02,2.413682937622070312e-01,1.024650260806083679e-01,5.025628209114074707e-02,2.614154517650604248e-01,1.248987987637519836e-01,6.599906086921691895e-02,1.623922586441040039e-02,5.858563631772994995e-02,5.269122868776321411e-02,1.837082207202911377e-02
4.436816275119781494e-02,2.803256809711456299e-01,8.575264364480972290e-02,9.304491430521011353e-02,2.790542244911193848e-01,1.145123839378356934e-01,1.296356320381164551e-02,-1.082523539662361145e-02,4.824707284569740295e-02,4.624974355101585388e-02,4.305008798837661743e-03
4.326593875885009766e-02,2.626430690288543701e-01,7.136280089616775513e-02,1.433354616165161133e-01,2.928423881530761719e-01,7.102583348751068115e-02,7.078191265463829041e-03,4.728678613901138306e-03,4.357111826539039612e-02,5.083253979682922363e-02,1.485072076320648193e-03
2.455030381679534912e-02,2.800686657428741455e-01,1.049798280000686646e-01,2.817971259355545044e-02,2.209752202033996582e-01,1.922995150089263916e-01,7.368811964988708496e-02,-7.887804880738258362e-03,3.246982023119926453e-02,4.792545363306999207e-02,4.738987237215042114e-02
7.012259960174560547e-02,2.402008473873138428e-01,9.197624027729034424e-02,1.605712436139583588e-02,2.293330729007720947e-01,1.704969108104705811e-01,3.932410478591918945e-02,-4.825251549482345581e-02,4.251984134316444397e-02,5.035389959812164307e-02,2.216263860464096069e-02
5.722696706652641296e-02,2.656333744525909424e-01,8.091455698013305664e-02,5.412691086530685425e-02,2.701482176780700684e-01,1.415432989597320557e-01,1.935208216309547424e-02,-2.158411778509616852e-02,1.423627883195877075e-02,6.184156984090805054e-02,3.650862723588943481e-02
6.035951524972915649e-02,2.262786924839019775e-01,8.786190301179885864e-02,6.874596700072288513e-03,2.955981791019439697e-01,9.783098101615905762e-02,3.927266597747802734e-02,-9.948842227458953857e-03,5.672984942793846130e-02,8.718159794807434082e-02,3.707137703895568848e-02
4.833785444498062134e-02,2.479414939880371094e-01,7.422276586294174194e-02,7.127983868122100830e-02,2.873738408088684082e-01,1.255465000867843628e-01,4.404894262552261353e-02,7.141403853893280029e-03,8.832956105470657349e-02,8.080422878265380859e-02,2.631353959441184998e-02
4.125379025936126709e-02,2.701126337051391602e-01,1.314300894737243652e-01,1.463142335414886475e-01,2.535240948200225830e-01,6.044982746243476868e-02,-9.904984384775161743e-03,-1.239572651684284210e-02,6.062765792012214661e-02,1.402031630277633667e-02,-1.351333595812320709e-02
9.066831320524215698e-03,2.916516363620758057e-01,1.075171679258346558e-01,1.060883477330207825e-01,2.825224399566650391e-01,9.391847997903823853e-02,2.584527991712093353e-02,-1.470381580293178558e-02,6.655849516391754150e-02,3.996598720550537109e-02,3.710962831974029541e-03
3.338490426540374756e-02,2.594304382801055908e-01,1.024106591939926147e-01,8.510936796665191650e-02,2.868637144565582275e-01,1.131287068128585815e-01,1.388036459684371948e-02,1.359672099351882935e-02,5.865182355046272278e-02,3.587915748357772827e-02,3.123550862073898315e-02
7.112748920917510986e-02,2.322109043598175049e-01,3.681850805878639221e-02,6.141954660415649414e-02,3.073091804981231689e-01,1.071546375751495361e-01,1.392368972301483154e-02,2.198047935962677002e-03,6.317254900932312012e-02,4.030320420861244202e-02,-1.768558472394943237e-02
4.638881608843803406e-02,1.958322525024414062e-01,9.286046028137207031e-02,5.061430856585502625e-02,2.024696171283721924e-01,1.843119561672210693e-01,2.259899862110614777e-02,-1.035635173320770264e-02,-6.060488522052764893e-04,4.666840657591819763e-02,2.713391929864883423e-02
1.513882912695407867e-02,2.576347887516021729e-01,8.747261762619018555e-02,4.713225737214088440e-02,2.280016839504241943e-01,1.693635284900665283e-01,-5.486556887626647949e-02,5.323320999741554260e-02,3.317838534712791443e-02,5.250980705022811890e-02,3.661284595727920532e-02
3.693524748086929321e-02,2.794128358364105225e-01,9.221123158931732178e-02,1.109799742698669434e-01,2.531511783599853516e-01,1.066672801971435547e-01,2.672779746353626251e-02,1.971635967493057251e-02,2.584954723715782166e-02,1.431770995259284973e-02,-5.055936053395271301e-03
3.353323787450790405e-02,2.783466279506683350e-01,5.620566010475158691e-02,3.974490612745285034e-02,2.612520754337310791e-01,1.501004695892333984e-01,6.919322907924652100e-02,6.671033799648284912e-03,1.584656909108161926e-02,1.300064288079738617e-02,2.642454206943511963e-02
6.163265928626060486e-02,2.493244111537933350e-01,1.010415405035018921e-01,2.987374365329742432e-02,2.902225553989410400e-01,1.394560933113098145e-01,-7.401615381240844727e-03,2.827439829707145691e-02,3.449286520481109619e-02,2.834076993167400360e-02,1.318118348717689514e-02
4.515693709254264832e-02,2.767522335052490234e-01,8.702571690082550049e-02,1.160026490688323975e-01,2.825930714607238770e-01,7.935790717601776123e-02,6.022179499268531799e-03,-7.669253274798393250e-03,8.098101615905761719e-02,1.530440524220466614e-02,2.063716948032379150e-02
5.013148486614227295e-02,2.472223341464996338e-01,1.143514662981033325e-01,1.226222142577171326e-01,2.898634672164916992e-01,1.226629316806793213e-01,-9.918104857206344604e-03,7.759612053632736206e-03,4.727783054113388062e-02,6.371070444583892822e-02,-2.064884640276432037e-02
1.991738192737102509e-02,2.604325115680694580e-01,9.058732539415359497e-02,1.712506078183650970e-02,3.046232759952545166e-01,1.538732349872589111e-01,-3.268413245677947998e-03,1.418807730078697205e-02,6.164234131574630737e-02,1.924435608088970184e-02,-3.196114301681518555e-02
3.605619817972183228e-02,2.693642079830169678e-01,1.131116598844528198e-01,1.214598864316940308e-01,2.631608843803405762e-01,1.381848454475402832e-01,2.836412936449050903e-02,-7.673267275094985962e-03,7.281032949686050415e-02,7.087049633264541626e-02,-1.021136157214641571e-02
-1.618042588233947754e-04,2.702932357788085938e-01,1.142748445272445679e-01,2.151803299784660339e-02,2.180699408054351807e-01,1.751848459243774414e-01,-2.858482301235198975e-03,-8.636821061372756958e-03,6.083700805902481079e-03,2.525971643626689911e-02,4.453983157873153687e-03
6.025889888405799866e-02,2.486375868320465088e-01,8.793446421623229980e-02,7.284627854824066162e-02,2.332979440689086914e-01,1.886342018842697144e-01,-2.185102924704551697e-02,6.464306265115737915e-03,1.247378438711166382e-02,3.163320571184158325e-02,3.254853188991546631e-02
2.240845747292041779e-02,2.701599299907684326e-01,8.016163110733032227e-02,8.926239609718322754e-02,2.428498566150665283e-01,1.321436762809753418e-01,1.093311607837677002e-02,1.808539032936096191e-02,2.317364513874053955e-02,2.191067859530448914e-02,1.621576398611068726e-02
4.811494424939155579e-02,2.453300952911376953e-01,3.530060872435569763e-02,6.557734310626983643e-02,2.080023288726806641e-01,2.023922801017761230e-01,-1.415291801095008850e-02,4.225697740912437439e-02,2.533321455121040344e-02,1.075647957623004913e-02,3.542583435773849487e-02
4.304850101470947266e-02,2.356143593788146973e-01,5.386047810316085815e-02,6.287230551242828369e-02,2.937123179435729980e-01,1.073735505342483521e-01,2.329185605049133301e-02,-1.886035501956939697e-02,8.517141640186309814e-02,6.737191230058670044e-02,-4.932485520839691162e-03
-1.799570024013519287e-02,2.798758745193481445e-01,7.617761194705963135e-02,8.915641158819198608e-02,2.677470147609710693e-01,1.700150370597839355e-01,-1.989603042602539062e-03,3.754321113228797913e-02,6.162280216813087463e-02,2.022870443761348724e-02,5.716179311275482178e-02
-7.274243980646133423e-03,2.819780707359313965e-01,1.212942898273468018e-01,7.358809560537338257e-02,2.301506102085113525e-01,1.439960598945617676e-01,-1.201373338699340820e-02,4.085764661431312561e-02,3.103302791714668274e-02,2.472788654267787933e-02,3.634485602378845215e-02
2.553473226726055145e-02,2.486984431743621826e-01,8.494800329208374023e-02,1.054451838135719299e-01,3.031667470932006836e-01,1.263330429792404175e-01,2.133086510002613068e-02,2.680877223610877991e-02,5.242155864834785461e-02,7.155396044254302979e-02,2.964068204164505005e-02
4.465061426162719727e-02,2.613922953605651855e-01,1.024922132492065430e-01,6.587632000446319580e-02,2.767286896705627441e-01,2.061602771282196045e-01,5.112113803625106812e-02,3.300633281469345093e-03,-2.931226044893264771e-03,2.964750491082668304e-02,-4.612973332405090332e-02
-3.493007272481918335e-03,3.223022520542144775e-01,6.766757369041442871e-02,5.121077597141265869e-02,2.164227962493896484e-01,1.355694830417633057e-01,-3.490380942821502686e-03,3.303919360041618347e-02,5.780454352498054504e-02,7.620000839233398438e-02,5.406517535448074341e-03
2.443277649581432343e-02,2.241005003452301025e-01,8.584470301866531372e-02,1.130172088742256165e-01,2.882298827171325684e-01,1.137029230594635010e-01,6.610468029975891113e-03,-3.314640745520591736e-02,7.592739909887313843e-02,5.781947821378707886e-02,3.194866329431533813e-02
1.364845037460327148e-02,2.737298011779785156e-01,8.106896281242370605e-02,7.770954072475433350e-02,2.947648167610168457e-01,1.092752441763877869e-01,2.307063713669776917e-02,-6.244439631700515747e-03,7.205566763877868652e-02,7.708284258842468262e-02,1.605658233165740967e-02
-3.890302032232284546e-02,2.753183245658874512e-01,9.752619266510009766e-02,8.376008272171020508e-02,2.374233305454254150e-01,1.824420392513275146e-01,1.521235704421997070e-02,9.020242094993591309e-02,6.992182135581970215e-02,4.344110563397407532e-02,1.880766451358795166e-02
3.032363019883632660e-02,2.347778975963592529e-01,5.401324480772018433e-02,5.587303638458251953e-02,2.724260389804840088e-01,1.784935444593429565e-01,7.273946702480316162e-02,2.873655408620834351e-03,2.336014993488788605e-02,8.783426135778427124e-02,-5.773704499006271362e-03
1.689652167260646820e-02,2.442765235900878906e-01,7.145310938358306885e-02,8.027372509241104126e-02,2.596753835678100586e-01,1.358943879604339600e-01,1.056003198027610779e-02,3.761619329452514648e-03,2.019047737121582031e-02,5.816580355167388916e-02,3.205861151218414307e-02
-2.531051635742187500e-03,2.957694530487060547e-01,8.424393832683563232e-02,2.965151891112327576e-02,2.149072587490081787e-01,1.906027942895889282e-01,1.030284166336059570e-02,1.351379603147506714e-02,2.639351412653923035e-02,3.583386540412902832e-02,2.715933322906494141e-02
3.975916653871536255e-02,3.077618181705474854e-01,9.441182762384414673e-02,4.680895805358886719e-02,2.460607886314392090e-01,1.754594445228576660e-01,1.327962875366210938e-01,9.688377380371093750e-02,5.740141123533248901e-02,-6.229121237993240356e-03,3.166950494050979614e-02
1.547346264123916626e-02,2.257300317287445068e-01,6.521737575531005859e-02,8.043195307254791260e-02,2.685105800628662109e-01,1.396144926548004150e-01,6.391899287700653076e-02,-1.463362015783786774e-02,5.559851601719856262e-02,6.066914647817611694e-02,2.844407409429550171e-02
1.911628246307373047e-02,2.773307561874389648e-01,8.592948317527770996e-02,9.483117610216140747e-02,2.831049561500549316e-01,8.026421815156936646e-02,-2.950164675712585449e-02,3.794878721237182617e-03,4.021652787923812866e-02,5.122720822691917419e-02,1.915762573480606079e-02
4.262752085924148560e-02,2.631045579910278320e-01,1.157307326793670654e-01,1.156723275780677795e-01,2.592075765132904053e-01,1.142184883356094360e-01,2.231284976005554199e-02,2.639066055417060852e-02,5.136787518858909607e-02,6.411561369895935059e-02,2.185334637761116028e-02
6.048480048775672913e-02,2.650420665740966797e-01,8.077217638492584229e-02,8.646392822265625000e-02,2.820016145706176758e-01,1.493844389915466309e-01,6.524416804313659668e-02,4.070079699158668518e-02,8.927296102046966553e-02,4.239692538976669312e-02,3.836349397897720337e-02
3.201220184564590454e-02,2.637695372104644775e-01,8.064568042755126953e-02,3.750217333436012268e-02,2.443412840366363525e-01,1.899407953023910522e-01,7.717624306678771973e-03,1.345984637737274170e-04,2.006315812468528748e-02,9.946132078766822815e-03,2.812575548887252808e-02
2.071237750351428986e-02,2.437482774257659912e-01,7.568623125553131104e-02,8.783600479364395142e-02,2.641076743602752686e-01,1.097957491874694824e-01,3.179008513689041138e-02,1.663350313901901245e-02,2.720247022807598114e-02,1.917687617242336273e-02,2.251921594142913818e-02
-5.172181129455566406e-02,2.743711173534393311e-01,1.025419384241104126e-01,2.016371488571166992e-02,2.619470059871673584e-01,2.182903885841369629e-01,1.174584031105041504e-04,3.227493539452552795e-02,3.711754083633422852e-02,5.542956292629241943e-02,3.301995247602462769e-02
8.004869520664215088e-02,2.199372053146362305e-01,5.712464451789855957e-02,2.815414220094680786e-02,2.788262963294982910e-01,1.529057621955871582e-01,4.619159549474716187e-02,-1.170556992292404175e-02,2.720876783132553101e-02,5.767654255032539368e-02,3.138348460197448730e-03
1.408263295888900757e-02,2.647125124931335449e-01,1.002964824438095093e-01,1.343359947204589844e-01,2.720846831798553467e-01,8.689407259225845337e-02,-9.140472859144210815e-03,-2.261646091938018799e-03,4.532944783568382263e-02,2.521429210901260376e-02,-1.722813956439495087e-02
4.078193753957748413e-02,2.819682359695434570e-01,7.879939675331115723e-02,6.778205931186676025e-02,2.439354360103607178e-01,9.660351276397705078e-02,2.372363768517971039e-02,1.985348761081695557e-02,4.013082385063171387e-02,4.546413943171501160e-02,-1.453407108783721924e-03
4.096411168575286865e-03,2.596729099750518799e-01,5.250167474150657654e-02,3.905086964368820190e-02,2.911072373390197754e-01,1.787676066160202026e-01,6.444901227951049805e-03,-3.543230891227722168e-02,7.470217347145080566e-02,4.273886606097221375e-02,-8.567593991756439209e-03
1.129162684082984924e-02,2.637135982513427734e-01,6.793441623449325562e-02,7.089833915233612061e-02,2.266380786895751953e-01,1.477113068103790283e-01,5.169520527124404907e-02,-1.614890806376934052e-02,8.479981124401092529e-02,3.549109399318695068e-02,2.114403992891311646e-02
1.962887309491634369e-02,2.558552324771881104e-01,1.001057326793670654e-01,7.526607811450958252e-02,2.646488845348358154e-01,1.667324304580688477e-01,1.866015419363975525e-02,5.995802581310272217e-03,7.494343817234039307e-02,4.459161311388015747e-02,3.629821538925170898e-02
4.901733249425888062e-03,2.636154890060424805e-01,7.400140911340713501e-02,5.478448793292045593e-02,2.571195363998413086e-01,1.212282180786132812e-01,3.346353769302368164e-02,2.053986489772796631e-02,8.873590826988220215e-02,3.961267322301864624e-02,1.807926222681999207e-02
1.799738034605979919e-02,2.235484719276428223e-01,6.978867948055267334e-02,7.882845401763916016e-02,2.693554162979125977e-01,1.097475364804267883e-01,7.350567728281021118e-02,1.240126416087150574e-02,1.390636712312698364e-02,9.764146059751510620e-02,-1.712061464786529541e-03
-5.011152476072311401e-02,2.651806175708770752e-01,9.888043999671936035e-02,4.110155254602432251e-02,2.275715172290802002e-01,1.764587759971618652e-01,6.769478321075439453e-03,7.166442275047302246e-02,3.878685832023620605e-02,2.341506443917751312e-02,7.118713110685348511e-03
-1.232087984681129456e-02,2.804646790027618408e-01,8.816409111022949219e-02,4.119121655821800232e-02,2.374032735824584961e-01,1.781768500804901123e-01,7.540434598922729492e-03,-2.761147916316986084e-03,5.552437901496887207e-02,7.259745150804519653e-03,4.174642264842987061e-02
-1.087718456983566284e-02,2.878332138061523438e-01,7.861351966857910156e-02,3.681809827685356140e-02,2.614051401615142822e-01,1.831747889518737793e-01,-7.393434643745422363e-03,4.194124415516853333e-02,9.362287819385528564e-03,4.712234809994697571e-02,6.217701733112335205e-02
1.363637112081050873e-02,2.496013343334197998e-01,7.162395119667053223e-02,8.488854765892028809e-02,2.640512585639953613e-01,1.253996938467025757e-01,4.729103296995162964e-03,1.090326160192489624e-02,5.179766565561294556e-02,5.966754257678985596e-02,5.467955023050308228e-03
4.340896755456924438e-02,2.209038734436035156e-01,9.042540937662124634e-02,1.013187468051910400e-01,2.551917433738708496e-01,1.040935665369033813e-01,3.127388656139373779e-03,-3.387638553977012634e-02,3.585635498166084290e-02,5.354104563593864441e-02,-1.001939177513122559e-03
-2.553313970565795898e-05,2.216934263706207275e-01,5.171775072813034058e-02,4.581938683986663818e-02,2.528905272483825684e-01,1.381616294384002686e-01,4.812365770339965820e-02,7.738988846540451050e-03,6.213713064789772034e-02,5.764079466462135315e-02,2.224381640553474426e-02
3.335170447826385498e-02,2.507026493549346924e-01,6.353219598531723022e-02,8.700288832187652588e-02,2.728775441646575928e-01,1.108635812997817993e-01,6.036894023418426514e-02,1.362095773220062256e-02,3.930960968136787415e-02,3.741822391748428345e-02,-1.065907441079616547e-02
6.078665331006050110e-02,2.899590730667114258e-01,1.106116622686386108e-01,6.633420288562774658e-02,2.709093689918518066e-01,1.598611474037170410e-01,2.016772888600826263e-02,4.060991108417510986e-03,4.315021261572837830e-02,3.708777576684951782e-02,-1.405404694378376007e-02
3.516223654150962830e-02,2.098358571529388428e-01,1.001301333308219910e-01,7.461559772491455078e-02,2.563001811504364014e-01,1.271925568580627441e-01,1.755032874643802643e-02,2.317094802856445312e-02,6.489822268486022949e-02,5.971718579530715942e-02,-7.489738985896110535e-03
3.668076545000076294e-02,2.712825238704681396e-01,1.362940669059753418e-01,1.591335050761699677e-02,2.262496054172515869e-01,1.670120954513549805e-01,5.696884542703628540e-02,-2.238753996789455414e-02,5.599156022071838379e-02,7.072083652019500732e-02,3.156203776597976685e-02
2.073638327419757843e-02,2.296056747436523438e-01,1.229131966829299927e-01,3.290644288063049316e-02,2.034935951232910156e-01,1.927533149719238281e-01,6.829065829515457153e-02,1.746926829218864441e-02,-7.625237107276916504e-03,4.978749528527259827e-02,5.430936068296432495e-02
1.200883463025093079e-02,2.609286308288574219e-01,7.150322198867797852e-02,7.852134108543395996e-02,2.629329264163970947e-01,1.828230321407318115e-01,-5.003216862678527832e-02,8.072558045387268066e-02,3.008424490690231323e-02,4.851469770073890686e-02,3.125007450580596924e-02
2.850763499736785889e-02,2.429235279560089111e-01,9.455202519893646240e-02,5.671151727437973022e-02,2.575570046901702881e-01,1.078893691301345825e-01,4.979260265827178955e-02,3.862638026475906372e-03,3.276716172695159912e-02,7.131862640380859375e-02,1.664423197507858276e-02
-4.828795790672302246e-04,2.560419440269470215e-01,7.760261744260787964e-02,6.334131956100463867e-02,2.753228843212127686e-01,1.581420898437500000e-01,5.984937772154808044e-02,4.560912027955055237e-02,7.268568128347396851e-02,8.420620858669281006e-02,2.765740454196929932e-02
8.293716609477996826e-02,2.624377012252807617e-01,8.831383287906646729e-02,5.180759355425834656e-03,2.313117980957031250e-01,1.662920117378234863e-01,5.864566564559936523e-02,-1.188195496797561646e-02,3.637849539518356323e-02,3.055359981954097748e-02,2.103187888860702515e-02
3.552000969648361206e-03,3.037756085395812988e-01,7.866549491882324219e-02,7.681500911712646484e-02,2.672995626926422119e-01,1.494023799896240234e-01,5.024891719222068787e-02,2.555032446980476379e-02,4.775775596499443054e-02,3.907659649848937988e-02,4.836764186620712280e-03
7.254354655742645264e-03,2.561824619770050049e-01,5.155843123793601990e-02,3.314483910799026489e-02,2.739406228065490723e-01,1.185430362820625305e-01,4.273013398051261902e-02,3.673355653882026672e-02,5.163542926311492920e-02,3.757616505026817322e-02,2.462014183402061462e-02
-8.844751864671707153e-03,2.804309725761413574e-01,7.353898137807846069e-02,7.103864848613739014e-02,2.603612542152404785e-01,9.915617108345031738e-02,3.398021310567855835e-02,4.215735942125320435e-03,3.744012117385864258e-02,6.458971649408340454e-03,9.388994425535202026e-03
9.502723813056945801e-02,2.362101078033447266e-01,9.764727950096130371e-02,5.148758366703987122e-02,2.668924331665039062e-01,1.387500762939453125e-01,8.511322736740112305e-02,-1.928966306149959564e-02,5.987785011529922485e-02,3.510669618844985962e-02,1.965785026550292969e-02
3.976174816489219666e-02,2.616272270679473877e-01,9.224802255630493164e-02,7.709854841232299805e-02,2.702926099300384521e-01,1.210752725601196289e-01,2.779711037874221802e-02,-3.851875662803649902e-04,3.600155189633369446e-02,2.530413866043090820e-02,1.256700232625007629e-02
2.926930785179138184e-03,2.270614504814147949e-01,6.997858732938766479e-02,7.005292177200317383e-02,2.846997082233428955e-01,1.228650361299514771e-01,2.172247320413589478e-02,1.415735110640525818e-02,7.181495428085327148e-02,9.200438112020492554e-02,5.963552743196487427e-03
5.654008314013481140e-02,2.625783979892730713e-01,8.889725804328918457e-02,7.248194515705108643e-02,2.766814231872558594e-01,1.252499967813491821e-01,4.222126677632331848e-02,-1.516185700893402100e-02,6.624485552310943604e-02,7.667642831802368164e-02,-1.566316932439804077e-03
4.590107873082160950e-02,2.555796504020690918e-01,7.749464362859725952e-02,7.684858143329620361e-02,2.880990803241729736e-01,1.131331920623779297e-01,2.989044971764087677e-02,-3.149135783314704895e-02,6.956357508897781372e-02,6.646221131086349487e-02,-1.096919178962707520e-03
4.706613719463348389e-03,2.876193821430206299e-01,4.801120981574058533e-02,6.009161844849586487e-02,2.673580646514892578e-01,1.426101028919219971e-01,2.416332811117172241e-02,-1.140428520739078522e-02,2.661500126123428345e-02,3.558124229311943054e-02,4.342015087604522705e-02
8.633360266685485840e-03,2.585965692996978760e-01,6.300791352987289429e-02,7.736336439847946167e-02,3.028191328048706055e-01,1.331095397472381592e-01,8.768735080957412720e-02,3.131650015711784363e-02,7.484366744756698608e-02,6.444218754768371582e-02,1.212517544627189636e-02
1.172514259815216064e-02,2.933188676834106445e-01,7.091082632541656494e-02,6.606030464172363281e-02,2.676607072353363037e-01,1.565277427434921265e-01,-3.106750547885894775e-03,2.894371375441551208e-02,3.519161418080329895e-02,2.154452167451381683e-02,6.405077129602432251e-02
4.261119291186332703e-02,2.081524431705474854e-01,5.922914296388626099e-02,6.560274958610534668e-02,3.056423962116241455e-01,1.436988413333892822e-01,-2.793528139591217041e-03,3.339628502726554871e-02,3.709305077791213989e-02,7.139487564563751221e-02,5.083468556404113770e-02
2.153130434453487396e-02,2.082685530185699463e-01,9.404256939888000488e-02,2.681085094809532166e-02,2.664626538753509521e-01,2.126584947109222412e-01,-1.573259010910987854e-02,3.801763430237770081e-02,1.088130325078964233e-01,6.778279691934585571e-02,-1.388482376933097839e-02
5.513951927423477173e-02,2.965520322322845459e-01,7.159067690372467041e-02,1.063348203897476196e-01,2.644183933734893799e-01,1.064970195293426514e-01,3.423215448856353760e-02,-5.565582215785980225e-02,8.313861489295959473e-02,6.171225756406784058e-02,9.155772626399993896e-03
3.166197612881660461e-02,2.500335276126861572e-01,8.585311472415924072e-02,6.705934554338455200e-02,2.636931240558624268e-01,1.029411256313323975e-01,6.621655821800231934e-02,3.614164888858795166e-03,7.994305342435836792e-02,9.333080053329467773e-02,-1.629563234746456146e-02
4.813480749726295471e-02,2.425794303417205811e-01,6.361722201108932495e-02,4.928157478570938110e-02,2.305774986743927002e-01,1.383683383464813232e-01,8.587433397769927979e-02,-9.589888155460357666e-03,2.379425242543220520e-02,7.905311882495880127e-02,7.192562520503997803e-02
1.016270369291305542e-03,3.038020730018615723e-01,1.011187955737113953e-01,1.208068281412124634e-01,2.516626119613647461e-01,1.214060559868812561e-01,3.408500552177429199e-02,1.414451375603675842e-02,6.371554732322692871e-02,2.948990836739540100e-02,2.047921717166900635e-02
2.241234481334686279e-02,2.517713904380798340e-01,6.647238880395889282e-02,6.508028507232666016e-02,2.981469929218292236e-01,1.323896944522857666e-01,5.577174574136734009e-02,1.551881432533264160e-04,8.421654999256134033e-02,8.412019908428192139e-02,3.540013730525970459e-02
9.521242231130599976e-03,2.473418116569519043e-01,8.934469521045684814e-02,7.002154737710952759e-02,2.653894424438476562e-01,1.495265662670135498e-01,5.451938509941101074e-02,-2.906285226345062256e-03,6.039780378341674805e-02,3.824418783187866211e-02,4.169664531946182251e-02
6.999950855970382690e-03,2.913439571857452393e-01,8.107110857963562012e-02,5.445668473839759827e-02,2.719922065734863281e-01,1.459015011787414551e-01,2.193833328783512115e-02,-1.807502098381519318e-02,6.349800527095794678e-02,2.895501069724559784e-02,-1.190237328410148621e-02
2.924137562513351440e-02,2.776787579059600830e-01,6.934025883674621582e-02,9.082882851362228394e-02,2.435784339904785156e-01,1.034227162599563599e-01,2.717657014727592468e-03,-1.062636263668537140e-02,8.459452539682388306e-03,9.264424443244934082e-03,-5.186188966035842896e-03
4.353217035531997681e-02,2.845953106880187988e-01,6.073830276727676392e-02,5.739738047122955322e-02,2.555315196514129639e-01,1.449819207191467285e-01,4.155753552913665771e-02,1.709645241498947144e-02,5.994698777794837952e-02,5.395544320344924927e-02,2.858860790729522705e-02
6.388621032238006592e-02,2.697210013866424561e-01,6.570523232221603394e-02,5.467678606510162354e-02,2.090687453746795654e-01,1.279130280017852783e-01,4.096056520938873291e-02,-1.623634621500968933e-02,6.374612450599670410e-03,4.931742697954177856e-02,1.149540394544601440e-02
4.771252721548080444e-02,2.695465683937072754e-01,7.397806644439697266e-02,6.919512897729873657e-02,2.530705928802490234e-01,1.580622196197509766e-01,9.539484977722167969e-03,2.420724183320999146e-02,2.115861698985099792e-02,1.410064660012722015e-02,3.811085224151611328e-02
7.811090350151062012e-02,2.878245413303375244e-01,1.282366812229156494e-01,5.765520781278610229e-02,2.169888615608215332e-01,1.418763101100921631e-01,7.757556438446044922e-02,5.383225902915000916e-02,9.464319795370101929e-02,-1.655455678701400757e-03,-4.571069031953811646e-03
2.326966449618339539e-02,2.420543432235717773e-01,8.111595362424850464e-02,6.786566972732543945e-02,2.746168076992034912e-01,1.597982943058013916e-01,-1.199367642402648926e-02,-1.433752290904521942e-02,1.184928044676780701e-02,4.929263517260551453e-02,3.515352308750152588e-02
3.238352388143539429e-02,2.529261410236358643e-01,9.746788442134857178e-02,3.790633752942085266e-02,2.619665563106536865e-01,1.736191809177398682e-01,5.607976764440536499e-02,-2.411709353327751160e-02,8.165571093559265137e-02,6.123752146959304810e-02,3.656040132045745850e-02
3.175638616085052490e-03,2.561702132225036621e-01,8.475312590599060059e-02,6.453121453523635864e-02,2.562624812126159668e-01,1.335317492485046387e-01,3.144505247473716736e-02,1.153209060430526733e-02,7.705223560333251953e-02,4.990578070282936096e-02,-7.929354906082153320e-03
3.795603290200233459e-02,2.485876679420471191e-01,6.676950305700302124e-02,6.507778912782669067e-02,2.409092783927917480e-01,1.442969292402267456e-01,-1.391977444291114807e-02,1.305794343352317810e-02,4.870576411485671997e-02,5.512584373354911804e-02,6.785742938518524170e-03
4.049439355731010437e-02,2.672345936298370361e-01,1.007654517889022827e-01,8.717532455921173096e-02,2.902218997478485107e-01,7.991859316825866699e-02,-1.499598845839500427e-03,8.456625044345855713e-03,5.441919714212417603e-02,7.425249367952346802e-02,-3.593519330024719238e-03
4.503732547163963318e-02,2.711329162120819092e-01,9.182318300008773804e-02,8.351856470108032227e-02,2.546992301940917969e-01,1.013473719358444214e-01,-5.190417170524597168e-03,-2.224785089492797852e-02,2.215780317783355713e-02,2.010050415992736816e-02,3.073155879974365234e-02
5.465032905340194702e-02,2.599652111530303955e-01,4.719140380620956421e-02,7.327811419963836670e-02,2.666711509227752686e-01,1.388182342052459717e-01,9.123541414737701416e-03,2.493344992399215698e-02,4.604899510741233826e-02,9.070869535207748413e-03,2.220873534679412842e-02
8.188340812921524048e-03,2.485842406749725342e-01,4.132095351815223694e-02,5.779412761330604553e-02,2.958356738090515137e-01,1.081555634737014771e-01,4.000547155737876892e-02,1.237989962100982666e-02,4.522921144962310791e-02,5.265078693628311157e-02,9.797811508178710938e-03
3.148991614580154419e-02,2.737590372562408447e-01,6.907036155462265015e-02,8.855075389146804810e-02,2.160288095474243164e-01,1.584098935127258301e-01,-1.782334223389625549e-02,4.146974161267280579e-02,1.233803480863571167e-02,1.533914357423782349e-03,4.042247682809829712e-02
6.228950619697570801e-02,2.485486268997192383e-01,9.265276044607162476e-02,7.442362606525421143e-02,2.826643288135528564e-01,1.137596219778060913e-01,2.852964773774147034e-02,3.353178501129150391e-03,4.822343215346336365e-02,5.359385907649993896e-02,-2.196082845330238342e-02
3.517533838748931885e-02,2.633106708526611328e-01,9.138325601816177368e-02,1.304232180118560791e-01,2.898240089416503906e-01,1.178812980651855469e-01,2.712551504373550415e-02,-2.257044240832328796e-02,4.822571203112602234e-02,8.181126415729522705e-02,5.449820309877395630e-03
1.517682708799839020e-02,2.540344297885894775e-01,8.254436403512954712e-02,6.741473078727722168e-02,2.518896758556365967e-01,1.404979228973388672e-01,4.549024626612663269e-02,-3.848329186439514160e-02,7.594858109951019287e-02,5.368375778198242188e-02,1.114270091056823730e-02
4.127763956785202026e-02,2.432049810886383057e-01,1.246438696980476379e-01,1.507123932242393494e-02,2.367738485336303711e-01,1.949474960565567017e-01,6.667971611022949219e-03,-3.715218603610992432e-02,-5.483351647853851318e-03,2.675123326480388641e-02,-1.620098948478698730e-02
1.947860233485698700e-02,2.447327375411987305e-01,7.243347913026809692e-02,9.300587326288223267e-02,2.763165533542633057e-01,1.233859658241271973e-01,2.987101115286350250e-02,-1.841600984334945679e-03,2.740047313272953033e-02,2.102501876652240753e-02,4.328865557909011841e-02
3.315323963761329651e-02,2.827474474906921387e-01,6.359927356243133545e-02,4.207864031195640564e-02,2.628374099731445312e-01,1.733598411083221436e-01,-4.917113482952117920e-02,6.709504127502441406e-02,2.228429354727268219e-02,5.747120827436447144e-03,5.998237431049346924e-02
4.323322325944900513e-03,2.444916069507598877e-01,5.983354896306991577e-02,7.680328935384750366e-02,2.695245444774627686e-01,1.317294538021087646e-01,8.046504855155944824e-02,4.402525722980499268e-03,6.703998893499374390e-02,6.553028523921966553e-02,-2.745918929576873779e-03
3.738457709550857544e-02,2.740733623504638672e-01,9.740984439849853516e-02,6.646277010440826416e-02,2.475659251213073730e-01,1.429054141044616699e-01,2.898163348436355591e-02,4.748251289129257202e-03,6.726783514022827148e-02,8.632701635360717773e-02,2.114017680287361145e-02
1.219519600272178650e-02,2.737629115581512451e-01,4.963628202676773071e-02,4.661087691783905029e-02,2.584826946258544922e-01,1.503172814846038818e-01,7.817170023918151855e-02,-4.546195268630981445e-04,9.255561232566833496e-02,6.742828339338302612e-02,2.318341284990310669e-03
3.176623210310935974e-02,2.429216802120208740e-01,8.859105408191680908e-02,5.496054142713546753e-02,2.560705244541168213e-01,1.310587674379348755e-01,4.322923347353935242e-02,1.319720596075057983e-02,5.051065981388092041e-02,7.123702764511108398e-02,1.673782244324684143e-02
4.981302842497825623e-02,2.676284909248352051e-01,6.222924217581748962e-02,3.223575279116630554e-02,2.683313786983489990e-01,1.249704360961914062e-01,5.192949622869491577e-02,3.668561577796936035e-03,1.398072764277458191e-02,4.013836011290550232e-02,1.802884042263031006e-02
1.700874418020248413e-02,2.454540133476257324e-01,1.056184768676757812e-01,6.852806359529495239e-02,2.680391669273376465e-01,1.227520033717155457e-01,4.236327484250068665e-02,1.217738538980484009e-02,4.029754549264907837e-02,3.180586919188499451e-02,-1.324611902236938477e-02
-2.414665371179580688e-02,2.928573489189147949e-01,8.221638947725296021e-02,5.048020184040069580e-02,2.424292564392089844e-01,1.841849982738494873e-01,6.374776363372802734e-03,2.397856861352920532e-02,5.888991802930831909e-02,4.347766563296318054e-02,3.718756139278411865e-02
4.588865116238594055e-02,2.638365924358367920e-01,6.056230887770652771e-02,7.401038706302642822e-02,2.454575002193450928e-01,8.293001353740692139e-02,4.408018663525581360e-03,1.277392357587814331e-02,-5.564879626035690308e-03,2.821290493011474609e-02,2.024722099304199219e-02
2.787255309522151947e-02,2.648390233516693115e-01,8.122531324625015259e-02,1.040441393852233887e-01,2.334416508674621582e-01,1.236809641122817993e-01,6.018987298011779785e-02,-1.153981126844882965e-02,4.383586347103118896e-02,6.803475320339202881e-02,5.059961229562759399e-03
5.145339295268058777e-02,2.885330021381378174e-01,7.079702615737915039e-02,1.087706461548805237e-01,2.928842604160308838e-01,1.358671933412551880e-01,3.673127666115760803e-02,-7.336769253015518188e-03,7.160754501819610596e-02,5.107869207859039307e-02,4.214093089103698730e-03
1.230578497052192688e-02,2.878400385379791260e-01,7.197524607181549072e-02,8.336594700813293457e-02,2.851210236549377441e-01,1.037135720252990723e-01,3.017693199217319489e-02,1.413292810320854187e-02,4.102200269699096680e-02,3.244785219430923462e-02,1.855102926492691040e-02
2.239443548023700714e-02,2.645160555839538574e-01,9.035821259021759033e-02,5.323317646980285645e-02,2.546474337577819824e-01,1.566918343305587769e-01,6.145765259861946106e-02,-1.029665768146514893e-02,3.249493986368179321e-02,4.894959926605224609e-02,1.925225928425788879e-02
3.449033200740814209e-02,2.780521214008331299e-01,5.842787772417068481e-02,7.525649666786193848e-02,2.728233039379119873e-01,1.172012537717819214e-01,2.361274510622024536e-02,3.803521394729614258e-03,3.845173120498657227e-02,3.968484699726104736e-02,4.010585695505142212e-02
6.186877191066741943e-02,2.541852593421936035e-01,8.037079125642776489e-02,7.631142437458038330e-02,2.718949317932128906e-01,1.364160776138305664e-01,4.162013530731201172e-02,5.185556784272193909e-02,-1.564458385109901428e-02,4.168709740042686462e-02,1.733286306262016296e-02
4.440943151712417603e-02,1.868212819099426270e-01,6.349488347768783569e-02,8.786536753177642822e-02,2.697238624095916748e-01,1.693522930145263672e-01,3.406333923339843750e-02,2.834029868245124817e-02,3.405778482556343079e-02,6.944546103477478027e-02,1.643802225589752197e-02
5.278845876455307007e-02,2.808699309825897217e-01,7.678776979446411133e-02,2.073369547724723816e-02,2.437501847743988037e-01,1.776085942983627319e-01,4.765564948320388794e-02,-3.583361208438873291e-02,3.737563639879226685e-02,6.200736388564109802e-02,3.499910980463027954e-02
4.989942163228988647e-02,2.546153962612152100e-01,8.413708209991455078e-02,1.303401887416839600e-01,2.826917469501495361e-01,8.924157917499542236e-02,9.000387042760848999e-03,2.035250142216682434e-02,4.581794515252113342e-02,3.618877008557319641e-02,-9.052230045199394226e-03
5.370959639549255371e-02,2.709423303604125977e-01,6.039231270551681519e-02,7.362744212150573730e-02,2.663030624389648438e-01,9.798596799373626709e-02,4.687321186065673828e-02,5.143880844116210938e-05,2.459286898374557495e-02,7.867462933063507080e-02,2.896686643362045288e-02
1.680222712457180023e-02,2.451002001762390137e-01,5.746730417013168335e-02,7.329399138689041138e-02,2.701919972896575928e-01,1.819123923778533936e-01,2.123555168509483337e-02,1.632683724164962769e-02,1.010963544249534607e-01,7.069098204374313354e-02,1.009478420019149780e-02
3.390249609947204590e-02,2.502802610397338867e-01,8.328315615653991699e-02,9.241519868373870850e-02,2.669395208358764648e-01,1.164253801107406616e-01,3.805206343531608582e-02,2.846263349056243896e-03,1.174873709678649902e-01,8.466790616512298584e-02,3.986832499504089355e-02
1.999106630682945251e-02,2.711946070194244385e-01,8.070131391286849976e-02,9.860922396183013916e-02,2.828415334224700928e-01,1.395168006420135498e-01,6.516250967979431152e-02,-2.362087368965148926e-03,4.204988479614257812e-02,6.266704201698303223e-02,3.045158833265304565e-02
-2.242594957351684570e-03,3.141231238842010498e-01,9.447012841701507568e-02,6.103046238422393799e-02,2.685788869857788086e-01,1.607194542884826660e-01,4.806717485189437866e-02,1.289575174450874329e-02,7.822550833225250244e-03,5.026349797844886780e-02,1.480750739574432373e-02
1.969237625598907471e-02,2.817894220352172852e-01,9.530779719352722168e-02,1.117306575179100037e-01,2.575556337833404541e-01,9.296461939811706543e-02,2.703439816832542419e-02,-6.881555542349815369e-03,6.032573804259300232e-02,4.482150450348854065e-02,2.903676033020019531e-02
7.951888442039489746e-02,2.294847667217254639e-01,5.820790305733680725e-02,2.668369561433792114e-02,2.997087240219116211e-01,1.919438540935516357e-01,3.480263054370880127e-02,9.929232299327850342e-03,-1.109695434570312500e-02,4.644076153635978699e-02,-9.093422442674636841e-03
2.207047864794731140e-02,1.977396905422210693e-01,9.454747289419174194e-02,5.145134404301643372e-02,2.789141535758972168e-01,1.713997423648834229e-01,4.576895758509635925e-02,-6.444700062274932861e-03,5.331714451313018799e-02,7.016567885875701904e-02,-2.665579691529273987e-02
2.864975668489933014e-02,2.452223896980285645e-01,1.185131222009658813e-01,5.521042272448539734e-02,2.670512795448303223e-01,1.829118877649307251e-01,3.660712763667106628e-02,2.302756160497665405e-02,6.542889773845672607e-02,6.507100909948348999e-02,2.433586865663528442e-02
6.320758163928985596e-02,2.780849039554595947e-01,9.630082547664642334e-02,-1.294126361608505249e-02,2.441626489162445068e-01,1.714002788066864014e-01,3.501044958829879761e-02,-5.104423314332962036e-02,-9.234540164470672607e-03,4.541452974081039429e-02,5.111479014158248901e-02
4.702331870794296265e-02,2.861033976078033447e-01,8.381489664316177368e-02,9.481896460056304932e-02,2.749224007129669189e-01,9.930819272994995117e-02,3.503993526101112366e-02,5.548335611820220947e-04,8.050084114074707031e-02,3.979848325252532959e-02,3.184769302606582642e-03
1.419998146593570709e-02,2.358603179454803467e-01,7.295392453670501709e-02,8.345536887645721436e-02,2.851080298423767090e-01,1.087044477462768555e-01,2.242649905383586884e-02,1.432062312960624695e-02,4.212290048599243164e-02,8.922962099313735962e-02,2.955675870180130005e-02
1.126108318567276001e-02,2.874196469783782959e-01,1.011696457862854004e-01,6.901374459266662598e-02,2.575317919254302979e-01,1.275449544191360474e-01,3.664816915988922119e-02,-1.746304705739021301e-02,4.526092857122421265e-02,4.778807237744331360e-02,2.652321010828018188e-03
1.231534779071807861e-02,2.228956222534179688e-01,8.291596919298171997e-02,4.266083985567092896e-02,2.390310764312744141e-01,1.368463337421417236e-01,5.693155527114868164e-02,1.901906356215476990e-02,8.365705609321594238e-02,8.143036067485809326e-02,1.891301572322845459e-02
6.415005773305892944e-02,2.300002276897430420e-01,7.672958821058273315e-02,9.186670184135437012e-02,2.760321497917175293e-01,1.384616494178771973e-01,2.828454598784446716e-02,7.022954523563385010e-04,3.472004085779190063e-03,5.931232869625091553e-02,-1.173608005046844482e-03
4.136546701192855835e-02,2.553846538066864014e-01,1.204346343874931335e-01,8.565177768468856812e-02,2.990693151950836182e-01,9.778078645467758179e-02,6.129816174507141113e-02,2.449601143598556519e-02,6.506243348121643066e-02,6.250999867916107178e-02,2.289884909987449646e-02
8.979810774326324463e-02,2.309137880802154541e-01,7.162706553936004639e-02,2.085763216018676758e-02,2.539030015468597412e-01,1.591817140579223633e-01,2.621579356491565704e-02,-3.426245599985122681e-02,5.739770829677581787e-03,1.011660881340503693e-02,-2.108255773782730103e-02
3.875584155321121216e-02,3.268147706985473633e-01,9.003137052059173584e-02,1.653041690587997437e-02,2.179173529148101807e-01,1.282988786697387695e-01,8.279599249362945557e-02,-1.279158890247344971e-02,-3.443341702222824097e-03,8.484695106744766235e-03,8.849166333675384521e-04
4.632165282964706421e-02,2.381351292133331299e-01,5.231107398867607117e-02,2.940373867750167847e-02,2.539235651493072510e-01,1.476544439792633057e-01,6.689932942390441895e-02,1.507335528731346130e-02,1.780880801379680634e-02,3.065386973321437836e-02,4.208730161190032959e-02
-2.270434051752090454e-02,2.176307439804077148e-01,1.064438596367835999e-01,6.628568470478057861e-02,2.438997924327850342e-01,2.356774806976318359e-01,-3.655678033828735352e-02,2.839157357811927795e-02,9.047296643257141113e-02,7.399125397205352783e-02,3.664722293615341187e-02
1.706946641206741333e-03,2.407359480857849121e-01,1.133509874343872070e-01,1.156740486621856689e-01,2.915423214435577393e-01,1.662635803222656250e-01,-7.986620068550109863e-03,3.333295509219169617e-02,6.866846978664398193e-02,1.809563487768173218e-03,-6.260056048631668091e-03
2.247804962098598480e-02,2.665442228317260742e-01,8.752577006816864014e-02,1.018036603927612305e-01,2.255290150642395020e-01,1.420429348945617676e-01,5.292351543903350830e-02,-3.458842635154724121e-03,4.907398670911788940e-02,6.304600834846496582e-02,-5.701432004570960999e-03
2.796456404030323029e-02,2.544616460800170898e-01,7.325135916471481323e-02,9.077417105436325073e-02,2.853601574897766113e-01,1.012674942612648010e-01,2.928215451538562775e-02,1.327977329492568970e-02,5.307284370064735413e-02,6.273765861988067627e-02,-2.952424436807632446e-02
2.084289491176605225e-02,2.637627422809600830e-01,1.075474098324775696e-01,6.765300780534744263e-02,2.626272737979888916e-01,1.668741106986999512e-01,8.657649159431457520e-03,3.454611077904701233e-02,5.190807953476905823e-02,2.850062958896160126e-02,6.516095250844955444e-02
4.038182646036148071e-02,2.541733384132385254e-01,8.074520528316497803e-02,7.404077798128128052e-03,2.368592321872711182e-01,1.701033711433410645e-01,-2.894036099314689636e-02,7.490161061286926270e-02,8.214872330427169800e-02,-1.109940186142921448e-02,7.008818536996841431e-02
2.787004038691520691e-02,3.063448667526245117e-01,6.798650324344635010e-02,9.681137651205062866e-02,2.471241950988769531e-01,1.009508669376373291e-01,5.653634667396545410e-02,-6.636401638388633728e-03,2.924656309187412262e-02,3.045720607042312622e-02,1.392495632171630859e-02
3.540076315402984619e-03,2.453219294548034668e-01,8.364447951316833496e-02,1.331716477870941162e-01,2.816103398799896240e-01,1.034308969974517822e-01,2.454501204192638397e-02,2.154670655727386475e-03,2.797408960759639740e-02,4.642177373170852661e-02,1.625381782650947571e-02
4.115827381610870361e-03,2.415464222431182861e-01,6.508713960647583008e-02,7.234764099121093750e-02,2.676520347595214844e-01,1.193084120750427246e-01,3.663218021392822266e-02,-1.628988422453403473e-02,6.098773330450057983e-02,5.011503398418426514e-02,-2.085443586111068726e-03
5.574397742748260498e-03,2.595534324645996094e-01,9.173163026571273804e-02,1.073808968067169189e-01,2.608607113361358643e-01,1.078977733850479126e-01,3.971891105175018311e-02,-1.471699401736259460e-02,6.598372757434844971e-02,4.511117562651634216e-02,6.578162312507629395e-03
5.684664100408554077e-02,2.306177020072937012e-01,5.052790790796279907e-02,6.890909373760223389e-02,2.635793089866638184e-01,1.488267183303833008e-01,7.590967416763305664e-02,1.752366498112678528e-02,4.453770071268081665e-02,-2.079416066408157349e-03,-4.321292042732238770e-02
3.326930850744247437e-02,2.205485105514526367e-01,9.136300534009933472e-02,8.814377337694168091e-02,2.693464756011962891e-01,1.105399727821350098e-01,6.685991585254669189e-02,-3.479634225368499756e-02,7.999132573604583740e-02,5.185960233211517334e-02,-7.660159841179847717e-03
1.896448433399200439e-03,2.530071139335632324e-01,6.497006863355636597e-02,7.095113396644592285e-02,2.517763376235961914e-01,1.242317929863929749e-01,3.339817747473716736e-02,1.560593396425247192e-02,5.426841601729393005e-02,9.278270602226257324e-02,-3.847036510705947876e-03
5.808018520474433899e-02,2.131162583827972412e-01,7.193903625011444092e-02,4.472781717777252197e-02,2.343188226222991943e-01,1.487079858779907227e-01,4.060351848602294922e-02,-3.800255805253982544e-02,5.970735102891921997e-02,5.772718414664268494e-02,-1.451521925628185272e-02
3.554419428110122681e-02,2.822402119636535645e-01,7.322952896356582642e-02,6.108170747756958008e-02,2.779654562473297119e-01,1.087822094559669495e-01,3.226655721664428711e-02,-1.944015175104141235e-02,5.118887871503829956e-02,7.535366714000701904e-02,2.117373049259185791e-02
1.211345791816711426e-01,3.090370595455169678e-01,8.967979252338409424e-02,6.753133237361907959e-02,2.578994333744049072e-01,1.434812545776367188e-01,7.827754318714141846e-02,-4.973782598972320557e-02,1.301995664834976196e-01,1.918389461934566498e-02,-3.085810691118240356e-02
2.577684447169303894e-02,2.679228484630584717e-01,8.504001051187515259e-02,5.426833778619766235e-02,2.744231820106506348e-01,1.267842054367065430e-01,3.667256981134414673e-02,-2.036004513502120972e-02,1.022086292505264282e-01,8.636935055255889893e-02,3.824587911367416382e-03
2.468596398830413818e-02,2.633336782455444336e-01,8.251138776540756226e-02,8.208556473255157471e-02,2.657646834850311279e-01,1.250621974468231201e-01,-1.455612480640411377e-02,1.179215684533119202e-02,3.228082135319709778e-02,7.008691132068634033e-02,8.237525820732116699e-03
3.963521867990493774e-02,2.671671211719512939e-01,8.813063055276870728e-02,1.072523146867752075e-01,3.013115823268890381e-01,9.636633098125457764e-02,2.259483933448791504e-02,-1.623749360442161560e-02,6.276862323284149170e-02,4.541226848959922791e-02,1.514212787151336670e-02
